Code,URL
COPPER-PRO-003329C6,https://copperlinegolf.com/redeem?code=COPPER-PRO-003329C6
COPPER-PRO-0070FA96,https://copperlinegolf.com/redeem?code=COPPER-PRO-0070FA96
COPPER-PRO-008D84F7,https://copperlinegolf.com/redeem?code=COPPER-PRO-008D84F7
COPPER-PRO-012586CC,https://copperlinegolf.com/redeem?code=COPPER-PRO-012586CC
COPPER-PRO-035B9D2E,https://copperlinegolf.com/redeem?code=COPPER-PRO-035B9D2E
COPPER-PRO-044FBC33,https://copperlinegolf.com/redeem?code=COPPER-PRO-044FBC33
COPPER-PRO-04B3BDF6,https://copperlinegolf.com/redeem?code=COPPER-PRO-04B3BDF6
COPPER-PRO-056984B2,https://copperlinegolf.com/redeem?code=COPPER-PRO-056984B2
COPPER-PRO-05B34504,https://copperlinegolf.com/redeem?code=COPPER-PRO-05B34504
COPPER-PRO-06BD38D5,https://copperlinegolf.com/redeem?code=COPPER-PRO-06BD38D5
COPPER-PRO-082041CE,https://copperlinegolf.com/redeem?code=COPPER-PRO-082041CE
COPPER-PRO-09122E31,https://copperlinegolf.com/redeem?code=COPPER-PRO-09122E31
COPPER-PRO-0963C850,https://copperlinegolf.com/redeem?code=COPPER-PRO-0963C850
COPPER-PRO-0CB69DBC,https://copperlinegolf.com/redeem?code=COPPER-PRO-0CB69DBC
COPPER-PRO-0D68D681,https://copperlinegolf.com/redeem?code=COPPER-PRO-0D68D681
COPPER-PRO-0E04D576,https://copperlinegolf.com/redeem?code=COPPER-PRO-0E04D576
COPPER-PRO-0E2558A2,https://copperlinegolf.com/redeem?code=COPPER-PRO-0E2558A2
COPPER-PRO-0E43EA88,https://copperlinegolf.com/redeem?code=COPPER-PRO-0E43EA88
COPPER-PRO-0E6A75AA,https://copperlinegolf.com/redeem?code=COPPER-PRO-0E6A75AA
COPPER-PRO-0EF593D3,https://copperlinegolf.com/redeem?code=COPPER-PRO-0EF593D3
COPPER-PRO-0F6D00D0,https://copperlinegolf.com/redeem?code=COPPER-PRO-0F6D00D0
COPPER-PRO-0F77C73C,https://copperlinegolf.com/redeem?code=COPPER-PRO-0F77C73C
COPPER-PRO-0FA07149,https://copperlinegolf.com/redeem?code=COPPER-PRO-0FA07149
COPPER-PRO-0FB2F173,https://copperlinegolf.com/redeem?code=COPPER-PRO-0FB2F173
COPPER-PRO-10195642,https://copperlinegolf.com/redeem?code=COPPER-PRO-10195642
COPPER-PRO-10280622,https://copperlinegolf.com/redeem?code=COPPER-PRO-10280622
COPPER-PRO-107EC531,https://copperlinegolf.com/redeem?code=COPPER-PRO-107EC531
COPPER-PRO-10BA0670,https://copperlinegolf.com/redeem?code=COPPER-PRO-10BA0670
COPPER-PRO-12602E95,https://copperlinegolf.com/redeem?code=COPPER-PRO-12602E95
COPPER-PRO-12C1D569,https://copperlinegolf.com/redeem?code=COPPER-PRO-12C1D569
COPPER-PRO-12E8AF5D,https://copperlinegolf.com/redeem?code=COPPER-PRO-12E8AF5D
COPPER-PRO-1395D882,https://copperlinegolf.com/redeem?code=COPPER-PRO-1395D882
COPPER-PRO-14356981,https://copperlinegolf.com/redeem?code=COPPER-PRO-14356981
COPPER-PRO-168C85E5,https://copperlinegolf.com/redeem?code=COPPER-PRO-168C85E5
COPPER-PRO-1742040A,https://copperlinegolf.com/redeem?code=COPPER-PRO-1742040A
COPPER-PRO-174370ED,https://copperlinegolf.com/redeem?code=COPPER-PRO-174370ED
COPPER-PRO-17445D53,https://copperlinegolf.com/redeem?code=COPPER-PRO-17445D53
COPPER-PRO-179586DF,https://copperlinegolf.com/redeem?code=COPPER-PRO-179586DF
COPPER-PRO-179B03DA,https://copperlinegolf.com/redeem?code=COPPER-PRO-179B03DA
COPPER-PRO-17DB5F86,https://copperlinegolf.com/redeem?code=COPPER-PRO-17DB5F86
COPPER-PRO-19164EFD,https://copperlinegolf.com/redeem?code=COPPER-PRO-19164EFD
COPPER-PRO-192A7192,https://copperlinegolf.com/redeem?code=COPPER-PRO-192A7192
COPPER-PRO-192BE52A,https://copperlinegolf.com/redeem?code=COPPER-PRO-192BE52A
COPPER-PRO-19416B16,https://copperlinegolf.com/redeem?code=COPPER-PRO-19416B16
COPPER-PRO-19704621,https://copperlinegolf.com/redeem?code=COPPER-PRO-19704621
COPPER-PRO-1A119701,https://copperlinegolf.com/redeem?code=COPPER-PRO-1A119701
COPPER-PRO-1AB5C235,https://copperlinegolf.com/redeem?code=COPPER-PRO-1AB5C235
COPPER-PRO-1B8778B4,https://copperlinegolf.com/redeem?code=COPPER-PRO-1B8778B4
COPPER-PRO-1BA900C4,https://copperlinegolf.com/redeem?code=COPPER-PRO-1BA900C4
COPPER-PRO-1C87C558,https://copperlinegolf.com/redeem?code=COPPER-PRO-1C87C558
COPPER-PRO-1D3694DF,https://copperlinegolf.com/redeem?code=COPPER-PRO-1D3694DF
COPPER-PRO-1D692A48,https://copperlinegolf.com/redeem?code=COPPER-PRO-1D692A48
COPPER-PRO-1EB40B59,https://copperlinegolf.com/redeem?code=COPPER-PRO-1EB40B59
COPPER-PRO-1ED2CD95,https://copperlinegolf.com/redeem?code=COPPER-PRO-1ED2CD95
COPPER-PRO-1F2CD1C3,https://copperlinegolf.com/redeem?code=COPPER-PRO-1F2CD1C3
COPPER-PRO-1F47B34B,https://copperlinegolf.com/redeem?code=COPPER-PRO-1F47B34B
COPPER-PRO-1F552E48,https://copperlinegolf.com/redeem?code=COPPER-PRO-1F552E48
COPPER-PRO-1FD8CEBA,https://copperlinegolf.com/redeem?code=COPPER-PRO-1FD8CEBA
COPPER-PRO-20461953,https://copperlinegolf.com/redeem?code=COPPER-PRO-20461953
COPPER-PRO-2049B7A4,https://copperlinegolf.com/redeem?code=COPPER-PRO-2049B7A4
COPPER-PRO-2082FC2A,https://copperlinegolf.com/redeem?code=COPPER-PRO-2082FC2A
COPPER-PRO-22796AE1,https://copperlinegolf.com/redeem?code=COPPER-PRO-22796AE1
COPPER-PRO-236600EA,https://copperlinegolf.com/redeem?code=COPPER-PRO-236600EA
COPPER-PRO-2484854C,https://copperlinegolf.com/redeem?code=COPPER-PRO-2484854C
COPPER-PRO-261F457A,https://copperlinegolf.com/redeem?code=COPPER-PRO-261F457A
COPPER-PRO-26A18325,https://copperlinegolf.com/redeem?code=COPPER-PRO-26A18325
COPPER-PRO-26CD62F5,https://copperlinegolf.com/redeem?code=COPPER-PRO-26CD62F5
COPPER-PRO-26F7A8F8,https://copperlinegolf.com/redeem?code=COPPER-PRO-26F7A8F8
COPPER-PRO-27313C21,https://copperlinegolf.com/redeem?code=COPPER-PRO-27313C21
COPPER-PRO-278C62E6,https://copperlinegolf.com/redeem?code=COPPER-PRO-278C62E6
COPPER-PRO-27AB252B,https://copperlinegolf.com/redeem?code=COPPER-PRO-27AB252B
COPPER-PRO-2812519E,https://copperlinegolf.com/redeem?code=COPPER-PRO-2812519E
COPPER-PRO-28235D8A,https://copperlinegolf.com/redeem?code=COPPER-PRO-28235D8A
COPPER-PRO-28F97502,https://copperlinegolf.com/redeem?code=COPPER-PRO-28F97502
COPPER-PRO-29B00728,https://copperlinegolf.com/redeem?code=COPPER-PRO-29B00728
COPPER-PRO-29EC4125,https://copperlinegolf.com/redeem?code=COPPER-PRO-29EC4125
COPPER-PRO-2AAFA38F,https://copperlinegolf.com/redeem?code=COPPER-PRO-2AAFA38F
COPPER-PRO-2AF8E5BD,https://copperlinegolf.com/redeem?code=COPPER-PRO-2AF8E5BD
COPPER-PRO-2B146588,https://copperlinegolf.com/redeem?code=COPPER-PRO-2B146588
COPPER-PRO-2B441AEC,https://copperlinegolf.com/redeem?code=COPPER-PRO-2B441AEC
COPPER-PRO-2C37E15A,https://copperlinegolf.com/redeem?code=COPPER-PRO-2C37E15A
COPPER-PRO-2C3A860E,https://copperlinegolf.com/redeem?code=COPPER-PRO-2C3A860E
COPPER-PRO-2C9C1BFB,https://copperlinegolf.com/redeem?code=COPPER-PRO-2C9C1BFB
COPPER-PRO-2CCAB99B,https://copperlinegolf.com/redeem?code=COPPER-PRO-2CCAB99B
COPPER-PRO-2D251222,https://copperlinegolf.com/redeem?code=COPPER-PRO-2D251222
COPPER-PRO-2E979960,https://copperlinegolf.com/redeem?code=COPPER-PRO-2E979960
COPPER-PRO-2EBD7A58,https://copperlinegolf.com/redeem?code=COPPER-PRO-2EBD7A58
COPPER-PRO-2F760318,https://copperlinegolf.com/redeem?code=COPPER-PRO-2F760318
COPPER-PRO-30DCB9CE,https://copperlinegolf.com/redeem?code=COPPER-PRO-30DCB9CE
COPPER-PRO-313F2277,https://copperlinegolf.com/redeem?code=COPPER-PRO-313F2277
COPPER-PRO-317D5654,https://copperlinegolf.com/redeem?code=COPPER-PRO-317D5654
COPPER-PRO-35332B2F,https://copperlinegolf.com/redeem?code=COPPER-PRO-35332B2F
COPPER-PRO-3582A2CC,https://copperlinegolf.com/redeem?code=COPPER-PRO-3582A2CC
COPPER-PRO-35BFBE74,https://copperlinegolf.com/redeem?code=COPPER-PRO-35BFBE74
COPPER-PRO-35DDB984,https://copperlinegolf.com/redeem?code=COPPER-PRO-35DDB984
COPPER-PRO-36CF69D6,https://copperlinegolf.com/redeem?code=COPPER-PRO-36CF69D6
COPPER-PRO-37A2B435,https://copperlinegolf.com/redeem?code=COPPER-PRO-37A2B435
COPPER-PRO-38EAA3AA,https://copperlinegolf.com/redeem?code=COPPER-PRO-38EAA3AA
COPPER-PRO-3A048A03,https://copperlinegolf.com/redeem?code=COPPER-PRO-3A048A03
COPPER-PRO-3A30DE47,https://copperlinegolf.com/redeem?code=COPPER-PRO-3A30DE47
COPPER-PRO-3A339B88,https://copperlinegolf.com/redeem?code=COPPER-PRO-3A339B88
COPPER-PRO-3AFEF135,https://copperlinegolf.com/redeem?code=COPPER-PRO-3AFEF135
COPPER-PRO-3B1DE82E,https://copperlinegolf.com/redeem?code=COPPER-PRO-3B1DE82E
COPPER-PRO-3C5A3BC6,https://copperlinegolf.com/redeem?code=COPPER-PRO-3C5A3BC6
COPPER-PRO-3C78C477,https://copperlinegolf.com/redeem?code=COPPER-PRO-3C78C477
COPPER-PRO-3D63C4E6,https://copperlinegolf.com/redeem?code=COPPER-PRO-3D63C4E6
COPPER-PRO-3D9827D2,https://copperlinegolf.com/redeem?code=COPPER-PRO-3D9827D2
COPPER-PRO-3E2A7398,https://copperlinegolf.com/redeem?code=COPPER-PRO-3E2A7398
COPPER-PRO-3F507A94,https://copperlinegolf.com/redeem?code=COPPER-PRO-3F507A94
COPPER-PRO-3F74E664,https://copperlinegolf.com/redeem?code=COPPER-PRO-3F74E664
COPPER-PRO-3FD74741,https://copperlinegolf.com/redeem?code=COPPER-PRO-3FD74741
COPPER-PRO-3FE6A9C2,https://copperlinegolf.com/redeem?code=COPPER-PRO-3FE6A9C2
COPPER-PRO-40B01E2F,https://copperlinegolf.com/redeem?code=COPPER-PRO-40B01E2F
COPPER-PRO-44B34C26,https://copperlinegolf.com/redeem?code=COPPER-PRO-44B34C26
COPPER-PRO-4550306C,https://copperlinegolf.com/redeem?code=COPPER-PRO-4550306C
COPPER-PRO-4599CF64,https://copperlinegolf.com/redeem?code=COPPER-PRO-4599CF64
COPPER-PRO-45A137D2,https://copperlinegolf.com/redeem?code=COPPER-PRO-45A137D2
COPPER-PRO-45DE5EA6,https://copperlinegolf.com/redeem?code=COPPER-PRO-45DE5EA6
COPPER-PRO-4625B08B,https://copperlinegolf.com/redeem?code=COPPER-PRO-4625B08B
COPPER-PRO-469B2978,https://copperlinegolf.com/redeem?code=COPPER-PRO-469B2978
COPPER-PRO-470492DC,https://copperlinegolf.com/redeem?code=COPPER-PRO-470492DC
COPPER-PRO-473BF127,https://copperlinegolf.com/redeem?code=COPPER-PRO-473BF127
COPPER-PRO-4789620A,https://copperlinegolf.com/redeem?code=COPPER-PRO-4789620A
COPPER-PRO-47FEACF8,https://copperlinegolf.com/redeem?code=COPPER-PRO-47FEACF8
COPPER-PRO-4868A343,https://copperlinegolf.com/redeem?code=COPPER-PRO-4868A343
COPPER-PRO-487A5614,https://copperlinegolf.com/redeem?code=COPPER-PRO-487A5614
COPPER-PRO-4886AD69,https://copperlinegolf.com/redeem?code=COPPER-PRO-4886AD69
COPPER-PRO-48931FA8,https://copperlinegolf.com/redeem?code=COPPER-PRO-48931FA8
COPPER-PRO-48A36B3B,https://copperlinegolf.com/redeem?code=COPPER-PRO-48A36B3B
COPPER-PRO-49132EA7,https://copperlinegolf.com/redeem?code=COPPER-PRO-49132EA7
COPPER-PRO-49895B90,https://copperlinegolf.com/redeem?code=COPPER-PRO-49895B90
COPPER-PRO-49B5CACD,https://copperlinegolf.com/redeem?code=COPPER-PRO-49B5CACD
COPPER-PRO-4A5278AD,https://copperlinegolf.com/redeem?code=COPPER-PRO-4A5278AD
COPPER-PRO-4B035839,https://copperlinegolf.com/redeem?code=COPPER-PRO-4B035839
COPPER-PRO-4B4F39F5,https://copperlinegolf.com/redeem?code=COPPER-PRO-4B4F39F5
COPPER-PRO-4B5FD63E,https://copperlinegolf.com/redeem?code=COPPER-PRO-4B5FD63E
COPPER-PRO-4BCCE8AD,https://copperlinegolf.com/redeem?code=COPPER-PRO-4BCCE8AD
COPPER-PRO-4C1BBBD2,https://copperlinegolf.com/redeem?code=COPPER-PRO-4C1BBBD2
COPPER-PRO-4C5068DC,https://copperlinegolf.com/redeem?code=COPPER-PRO-4C5068DC
COPPER-PRO-4C7CD89F,https://copperlinegolf.com/redeem?code=COPPER-PRO-4C7CD89F
COPPER-PRO-4DE6DAA7,https://copperlinegolf.com/redeem?code=COPPER-PRO-4DE6DAA7
COPPER-PRO-4EF4D895,https://copperlinegolf.com/redeem?code=COPPER-PRO-4EF4D895
COPPER-PRO-4F5EB897,https://copperlinegolf.com/redeem?code=COPPER-PRO-4F5EB897
COPPER-PRO-4FC02116,https://copperlinegolf.com/redeem?code=COPPER-PRO-4FC02116
COPPER-PRO-5226F026,https://copperlinegolf.com/redeem?code=COPPER-PRO-5226F026
COPPER-PRO-529A0875,https://copperlinegolf.com/redeem?code=COPPER-PRO-529A0875
COPPER-PRO-53146D31,https://copperlinegolf.com/redeem?code=COPPER-PRO-53146D31
COPPER-PRO-53BDB0FC,https://copperlinegolf.com/redeem?code=COPPER-PRO-53BDB0FC
COPPER-PRO-54ADFC9F,https://copperlinegolf.com/redeem?code=COPPER-PRO-54ADFC9F
COPPER-PRO-55F29E83,https://copperlinegolf.com/redeem?code=COPPER-PRO-55F29E83
COPPER-PRO-56B32259,https://copperlinegolf.com/redeem?code=COPPER-PRO-56B32259
COPPER-PRO-57724F59,https://copperlinegolf.com/redeem?code=COPPER-PRO-57724F59
COPPER-PRO-578E000C,https://copperlinegolf.com/redeem?code=COPPER-PRO-578E000C
COPPER-PRO-5844259B,https://copperlinegolf.com/redeem?code=COPPER-PRO-5844259B
COPPER-PRO-587F5F1A,https://copperlinegolf.com/redeem?code=COPPER-PRO-587F5F1A
COPPER-PRO-58AE70E1,https://copperlinegolf.com/redeem?code=COPPER-PRO-58AE70E1
COPPER-PRO-58F5C15C,https://copperlinegolf.com/redeem?code=COPPER-PRO-58F5C15C
COPPER-PRO-592AA7EB,https://copperlinegolf.com/redeem?code=COPPER-PRO-592AA7EB
COPPER-PRO-5A3EEE28,https://copperlinegolf.com/redeem?code=COPPER-PRO-5A3EEE28
COPPER-PRO-5A992389,https://copperlinegolf.com/redeem?code=COPPER-PRO-5A992389
COPPER-PRO-5A9A710F,https://copperlinegolf.com/redeem?code=COPPER-PRO-5A9A710F
COPPER-PRO-5BA1B06D,https://copperlinegolf.com/redeem?code=COPPER-PRO-5BA1B06D
COPPER-PRO-5BAAD6E3,https://copperlinegolf.com/redeem?code=COPPER-PRO-5BAAD6E3
COPPER-PRO-5C30A4EE,https://copperlinegolf.com/redeem?code=COPPER-PRO-5C30A4EE
COPPER-PRO-5CD827DF,https://copperlinegolf.com/redeem?code=COPPER-PRO-5CD827DF
COPPER-PRO-5CEBD873,https://copperlinegolf.com/redeem?code=COPPER-PRO-5CEBD873
COPPER-PRO-5FAFD48E,https://copperlinegolf.com/redeem?code=COPPER-PRO-5FAFD48E
COPPER-PRO-5FF85B2C,https://copperlinegolf.com/redeem?code=COPPER-PRO-5FF85B2C
COPPER-PRO-603B9980,https://copperlinegolf.com/redeem?code=COPPER-PRO-603B9980
COPPER-PRO-607A7BE3,https://copperlinegolf.com/redeem?code=COPPER-PRO-607A7BE3
COPPER-PRO-607D2B04,https://copperlinegolf.com/redeem?code=COPPER-PRO-607D2B04
COPPER-PRO-61D42642,https://copperlinegolf.com/redeem?code=COPPER-PRO-61D42642
COPPER-PRO-626B047B,https://copperlinegolf.com/redeem?code=COPPER-PRO-626B047B
COPPER-PRO-62D20A2A,https://copperlinegolf.com/redeem?code=COPPER-PRO-62D20A2A
COPPER-PRO-644FD031,https://copperlinegolf.com/redeem?code=COPPER-PRO-644FD031
COPPER-PRO-6493D445,https://copperlinegolf.com/redeem?code=COPPER-PRO-6493D445
COPPER-PRO-64AB491A,https://copperlinegolf.com/redeem?code=COPPER-PRO-64AB491A
COPPER-PRO-658C37E7,https://copperlinegolf.com/redeem?code=COPPER-PRO-658C37E7
COPPER-PRO-65B78A09,https://copperlinegolf.com/redeem?code=COPPER-PRO-65B78A09
COPPER-PRO-662F8FDE,https://copperlinegolf.com/redeem?code=COPPER-PRO-662F8FDE
COPPER-PRO-663598F6,https://copperlinegolf.com/redeem?code=COPPER-PRO-663598F6
COPPER-PRO-663E7711,https://copperlinegolf.com/redeem?code=COPPER-PRO-663E7711
COPPER-PRO-66B08C37,https://copperlinegolf.com/redeem?code=COPPER-PRO-66B08C37
COPPER-PRO-66B3316F,https://copperlinegolf.com/redeem?code=COPPER-PRO-66B3316F
COPPER-PRO-67CD833F,https://copperlinegolf.com/redeem?code=COPPER-PRO-67CD833F
COPPER-PRO-68179F05,https://copperlinegolf.com/redeem?code=COPPER-PRO-68179F05
COPPER-PRO-684488EC,https://copperlinegolf.com/redeem?code=COPPER-PRO-684488EC
COPPER-PRO-68588449,https://copperlinegolf.com/redeem?code=COPPER-PRO-68588449
COPPER-PRO-687C63BD,https://copperlinegolf.com/redeem?code=COPPER-PRO-687C63BD
COPPER-PRO-692F8744,https://copperlinegolf.com/redeem?code=COPPER-PRO-692F8744
COPPER-PRO-693DDE87,https://copperlinegolf.com/redeem?code=COPPER-PRO-693DDE87
COPPER-PRO-695F4ECA,https://copperlinegolf.com/redeem?code=COPPER-PRO-695F4ECA
COPPER-PRO-6A6CA027,https://copperlinegolf.com/redeem?code=COPPER-PRO-6A6CA027
COPPER-PRO-6ABFD668,https://copperlinegolf.com/redeem?code=COPPER-PRO-6ABFD668
COPPER-PRO-6CAD00F4,https://copperlinegolf.com/redeem?code=COPPER-PRO-6CAD00F4
COPPER-PRO-6D886A6A,https://copperlinegolf.com/redeem?code=COPPER-PRO-6D886A6A
COPPER-PRO-6E4FD257,https://copperlinegolf.com/redeem?code=COPPER-PRO-6E4FD257
COPPER-PRO-6EDD12D8,https://copperlinegolf.com/redeem?code=COPPER-PRO-6EDD12D8
COPPER-PRO-6F2AA3C9,https://copperlinegolf.com/redeem?code=COPPER-PRO-6F2AA3C9
COPPER-PRO-7039BC4F,https://copperlinegolf.com/redeem?code=COPPER-PRO-7039BC4F
COPPER-PRO-706CDD7B,https://copperlinegolf.com/redeem?code=COPPER-PRO-706CDD7B
COPPER-PRO-71093BBA,https://copperlinegolf.com/redeem?code=COPPER-PRO-71093BBA
COPPER-PRO-71DF670F,https://copperlinegolf.com/redeem?code=COPPER-PRO-71DF670F
COPPER-PRO-72208127,https://copperlinegolf.com/redeem?code=COPPER-PRO-72208127
COPPER-PRO-72286F49,https://copperlinegolf.com/redeem?code=COPPER-PRO-72286F49
COPPER-PRO-7332E71F,https://copperlinegolf.com/redeem?code=COPPER-PRO-7332E71F
COPPER-PRO-73685327,https://copperlinegolf.com/redeem?code=COPPER-PRO-73685327
COPPER-PRO-73B5C80F,https://copperlinegolf.com/redeem?code=COPPER-PRO-73B5C80F
COPPER-PRO-746B8B5E,https://copperlinegolf.com/redeem?code=COPPER-PRO-746B8B5E
COPPER-PRO-750A0488,https://copperlinegolf.com/redeem?code=COPPER-PRO-750A0488
COPPER-PRO-763D71E8,https://copperlinegolf.com/redeem?code=COPPER-PRO-763D71E8
COPPER-PRO-768979C8,https://copperlinegolf.com/redeem?code=COPPER-PRO-768979C8
COPPER-PRO-773C9711,https://copperlinegolf.com/redeem?code=COPPER-PRO-773C9711
COPPER-PRO-7788E0CC,https://copperlinegolf.com/redeem?code=COPPER-PRO-7788E0CC
COPPER-PRO-77DE0D96,https://copperlinegolf.com/redeem?code=COPPER-PRO-77DE0D96
COPPER-PRO-78419C46,https://copperlinegolf.com/redeem?code=COPPER-PRO-78419C46
COPPER-PRO-7855C61B,https://copperlinegolf.com/redeem?code=COPPER-PRO-7855C61B
COPPER-PRO-7929BE64,https://copperlinegolf.com/redeem?code=COPPER-PRO-7929BE64
COPPER-PRO-79FF5366,https://copperlinegolf.com/redeem?code=COPPER-PRO-79FF5366
COPPER-PRO-7A10C108,https://copperlinegolf.com/redeem?code=COPPER-PRO-7A10C108
COPPER-PRO-7B165411,https://copperlinegolf.com/redeem?code=COPPER-PRO-7B165411
COPPER-PRO-7CB0BAF7,https://copperlinegolf.com/redeem?code=COPPER-PRO-7CB0BAF7
COPPER-PRO-7CBAB7A3,https://copperlinegolf.com/redeem?code=COPPER-PRO-7CBAB7A3
COPPER-PRO-7D6FB5AB,https://copperlinegolf.com/redeem?code=COPPER-PRO-7D6FB5AB
COPPER-PRO-7D72268F,https://copperlinegolf.com/redeem?code=COPPER-PRO-7D72268F
COPPER-PRO-7E97E9A2,https://copperlinegolf.com/redeem?code=COPPER-PRO-7E97E9A2
COPPER-PRO-7EAD6E56,https://copperlinegolf.com/redeem?code=COPPER-PRO-7EAD6E56
COPPER-PRO-7F1DC15B,https://copperlinegolf.com/redeem?code=COPPER-PRO-7F1DC15B
COPPER-PRO-7F510845,https://copperlinegolf.com/redeem?code=COPPER-PRO-7F510845
COPPER-PRO-7F5D98FE,https://copperlinegolf.com/redeem?code=COPPER-PRO-7F5D98FE
COPPER-PRO-7F66D4F0,https://copperlinegolf.com/redeem?code=COPPER-PRO-7F66D4F0
COPPER-PRO-7FB96EC0,https://copperlinegolf.com/redeem?code=COPPER-PRO-7FB96EC0
COPPER-PRO-7FD51108,https://copperlinegolf.com/redeem?code=COPPER-PRO-7FD51108
COPPER-PRO-8056459C,https://copperlinegolf.com/redeem?code=COPPER-PRO-8056459C
COPPER-PRO-80BC1D05,https://copperlinegolf.com/redeem?code=COPPER-PRO-80BC1D05
COPPER-PRO-817D92A5,https://copperlinegolf.com/redeem?code=COPPER-PRO-817D92A5
COPPER-PRO-8195FE30,https://copperlinegolf.com/redeem?code=COPPER-PRO-8195FE30
COPPER-PRO-8209DF04,https://copperlinegolf.com/redeem?code=COPPER-PRO-8209DF04
COPPER-PRO-820EB740,https://copperlinegolf.com/redeem?code=COPPER-PRO-820EB740
COPPER-PRO-8221D2F6,https://copperlinegolf.com/redeem?code=COPPER-PRO-8221D2F6
COPPER-PRO-8236BA6D,https://copperlinegolf.com/redeem?code=COPPER-PRO-8236BA6D
COPPER-PRO-827E08ED,https://copperlinegolf.com/redeem?code=COPPER-PRO-827E08ED
COPPER-PRO-83390936,https://copperlinegolf.com/redeem?code=COPPER-PRO-83390936
COPPER-PRO-84003257,https://copperlinegolf.com/redeem?code=COPPER-PRO-84003257
COPPER-PRO-853F8639,https://copperlinegolf.com/redeem?code=COPPER-PRO-853F8639
COPPER-PRO-86CADC80,https://copperlinegolf.com/redeem?code=COPPER-PRO-86CADC80
COPPER-PRO-86CB4BDF,https://copperlinegolf.com/redeem?code=COPPER-PRO-86CB4BDF
COPPER-PRO-87D3005C,https://copperlinegolf.com/redeem?code=COPPER-PRO-87D3005C
COPPER-PRO-87FCF882,https://copperlinegolf.com/redeem?code=COPPER-PRO-87FCF882
COPPER-PRO-89825D95,https://copperlinegolf.com/redeem?code=COPPER-PRO-89825D95
COPPER-PRO-89D1E967,https://copperlinegolf.com/redeem?code=COPPER-PRO-89D1E967
COPPER-PRO-89DED6DB,https://copperlinegolf.com/redeem?code=COPPER-PRO-89DED6DB
COPPER-PRO-8A23355B,https://copperlinegolf.com/redeem?code=COPPER-PRO-8A23355B
COPPER-PRO-8AA8B138,https://copperlinegolf.com/redeem?code=COPPER-PRO-8AA8B138
COPPER-PRO-8AF9181E,https://copperlinegolf.com/redeem?code=COPPER-PRO-8AF9181E
COPPER-PRO-8B2C9AD1,https://copperlinegolf.com/redeem?code=COPPER-PRO-8B2C9AD1
COPPER-PRO-8BBB0EBD,https://copperlinegolf.com/redeem?code=COPPER-PRO-8BBB0EBD
COPPER-PRO-8C17735F,https://copperlinegolf.com/redeem?code=COPPER-PRO-8C17735F
COPPER-PRO-8CD3AA3C,https://copperlinegolf.com/redeem?code=COPPER-PRO-8CD3AA3C
COPPER-PRO-8D6697C7,https://copperlinegolf.com/redeem?code=COPPER-PRO-8D6697C7
COPPER-PRO-8E78239D,https://copperlinegolf.com/redeem?code=COPPER-PRO-8E78239D
COPPER-PRO-8EB0553A,https://copperlinegolf.com/redeem?code=COPPER-PRO-8EB0553A
COPPER-PRO-8F589F72,https://copperlinegolf.com/redeem?code=COPPER-PRO-8F589F72
COPPER-PRO-9098BBB4,https://copperlinegolf.com/redeem?code=COPPER-PRO-9098BBB4
COPPER-PRO-910E7040,https://copperlinegolf.com/redeem?code=COPPER-PRO-910E7040
COPPER-PRO-9157FFA7,https://copperlinegolf.com/redeem?code=COPPER-PRO-9157FFA7
COPPER-PRO-91C76957,https://copperlinegolf.com/redeem?code=COPPER-PRO-91C76957
COPPER-PRO-929DD1AF,https://copperlinegolf.com/redeem?code=COPPER-PRO-929DD1AF
COPPER-PRO-92BC8B66,https://copperlinegolf.com/redeem?code=COPPER-PRO-92BC8B66
COPPER-PRO-92DE8641,https://copperlinegolf.com/redeem?code=COPPER-PRO-92DE8641
COPPER-PRO-93697D28,https://copperlinegolf.com/redeem?code=COPPER-PRO-93697D28
COPPER-PRO-950807CC,https://copperlinegolf.com/redeem?code=COPPER-PRO-950807CC
COPPER-PRO-951CE211,https://copperlinegolf.com/redeem?code=COPPER-PRO-951CE211
COPPER-PRO-96ADFB44,https://copperlinegolf.com/redeem?code=COPPER-PRO-96ADFB44
COPPER-PRO-96E542AF,https://copperlinegolf.com/redeem?code=COPPER-PRO-96E542AF
COPPER-PRO-9713E4DB,https://copperlinegolf.com/redeem?code=COPPER-PRO-9713E4DB
COPPER-PRO-9845D238,https://copperlinegolf.com/redeem?code=COPPER-PRO-9845D238
COPPER-PRO-988AB7A9,https://copperlinegolf.com/redeem?code=COPPER-PRO-988AB7A9
COPPER-PRO-995B975B,https://copperlinegolf.com/redeem?code=COPPER-PRO-995B975B
COPPER-PRO-99A1CA17,https://copperlinegolf.com/redeem?code=COPPER-PRO-99A1CA17
COPPER-PRO-9A9085D8,https://copperlinegolf.com/redeem?code=COPPER-PRO-9A9085D8
COPPER-PRO-9AD93E8A,https://copperlinegolf.com/redeem?code=COPPER-PRO-9AD93E8A
COPPER-PRO-9AE91C90,https://copperlinegolf.com/redeem?code=COPPER-PRO-9AE91C90
COPPER-PRO-9B6EF5A0,https://copperlinegolf.com/redeem?code=COPPER-PRO-9B6EF5A0
COPPER-PRO-9BA8A9E2,https://copperlinegolf.com/redeem?code=COPPER-PRO-9BA8A9E2
COPPER-PRO-9C4D2878,https://copperlinegolf.com/redeem?code=COPPER-PRO-9C4D2878
COPPER-PRO-9C6D9F73,https://copperlinegolf.com/redeem?code=COPPER-PRO-9C6D9F73
COPPER-PRO-9C8EF75E,https://copperlinegolf.com/redeem?code=COPPER-PRO-9C8EF75E
COPPER-PRO-9D1E3D75,https://copperlinegolf.com/redeem?code=COPPER-PRO-9D1E3D75
COPPER-PRO-9E24D603,https://copperlinegolf.com/redeem?code=COPPER-PRO-9E24D603
COPPER-PRO-9E35D42C,https://copperlinegolf.com/redeem?code=COPPER-PRO-9E35D42C
COPPER-PRO-9E484066,https://copperlinegolf.com/redeem?code=COPPER-PRO-9E484066
COPPER-PRO-9ED8FCD4,https://copperlinegolf.com/redeem?code=COPPER-PRO-9ED8FCD4
COPPER-PRO-9F6EA4CA,https://copperlinegolf.com/redeem?code=COPPER-PRO-9F6EA4CA
COPPER-PRO-A084751C,https://copperlinegolf.com/redeem?code=COPPER-PRO-A084751C
COPPER-PRO-A0A9D5AE,https://copperlinegolf.com/redeem?code=COPPER-PRO-A0A9D5AE
COPPER-PRO-A0F011AA,https://copperlinegolf.com/redeem?code=COPPER-PRO-A0F011AA
COPPER-PRO-A1A44D2B,https://copperlinegolf.com/redeem?code=COPPER-PRO-A1A44D2B
COPPER-PRO-A20A88A4,https://copperlinegolf.com/redeem?code=COPPER-PRO-A20A88A4
COPPER-PRO-A2CF5A99,https://copperlinegolf.com/redeem?code=COPPER-PRO-A2CF5A99
COPPER-PRO-A2FAEB22,https://copperlinegolf.com/redeem?code=COPPER-PRO-A2FAEB22
COPPER-PRO-A2FCE781,https://copperlinegolf.com/redeem?code=COPPER-PRO-A2FCE781
COPPER-PRO-A2FE6256,https://copperlinegolf.com/redeem?code=COPPER-PRO-A2FE6256
COPPER-PRO-A369CE7A,https://copperlinegolf.com/redeem?code=COPPER-PRO-A369CE7A
COPPER-PRO-A3F6CC5C,https://copperlinegolf.com/redeem?code=COPPER-PRO-A3F6CC5C
COPPER-PRO-A41C6B2E,https://copperlinegolf.com/redeem?code=COPPER-PRO-A41C6B2E
COPPER-PRO-A52A77EA,https://copperlinegolf.com/redeem?code=COPPER-PRO-A52A77EA
COPPER-PRO-A543121A,https://copperlinegolf.com/redeem?code=COPPER-PRO-A543121A
COPPER-PRO-A56E50B6,https://copperlinegolf.com/redeem?code=COPPER-PRO-A56E50B6
COPPER-PRO-A66BAE28,https://copperlinegolf.com/redeem?code=COPPER-PRO-A66BAE28
COPPER-PRO-A6E70C55,https://copperlinegolf.com/redeem?code=COPPER-PRO-A6E70C55
COPPER-PRO-A6F0189A,https://copperlinegolf.com/redeem?code=COPPER-PRO-A6F0189A
COPPER-PRO-A71385DA,https://copperlinegolf.com/redeem?code=COPPER-PRO-A71385DA
COPPER-PRO-A742FA4B,https://copperlinegolf.com/redeem?code=COPPER-PRO-A742FA4B
COPPER-PRO-A7475155,https://copperlinegolf.com/redeem?code=COPPER-PRO-A7475155
COPPER-PRO-A74E86FD,https://copperlinegolf.com/redeem?code=COPPER-PRO-A74E86FD
COPPER-PRO-A766CC2C,https://copperlinegolf.com/redeem?code=COPPER-PRO-A766CC2C
COPPER-PRO-A9B48ABE,https://copperlinegolf.com/redeem?code=COPPER-PRO-A9B48ABE
COPPER-PRO-AA306946,https://copperlinegolf.com/redeem?code=COPPER-PRO-AA306946
COPPER-PRO-ACAB181C,https://copperlinegolf.com/redeem?code=COPPER-PRO-ACAB181C
COPPER-PRO-ACF4E095,https://copperlinegolf.com/redeem?code=COPPER-PRO-ACF4E095
COPPER-PRO-ADE027D6,https://copperlinegolf.com/redeem?code=COPPER-PRO-ADE027D6
COPPER-PRO-AE823111,https://copperlinegolf.com/redeem?code=COPPER-PRO-AE823111
COPPER-PRO-AF78334A,https://copperlinegolf.com/redeem?code=COPPER-PRO-AF78334A
COPPER-PRO-AF85236E,https://copperlinegolf.com/redeem?code=COPPER-PRO-AF85236E
COPPER-PRO-AFCF651E,https://copperlinegolf.com/redeem?code=COPPER-PRO-AFCF651E
COPPER-PRO-AFFCD281,https://copperlinegolf.com/redeem?code=COPPER-PRO-AFFCD281
COPPER-PRO-B016315B,https://copperlinegolf.com/redeem?code=COPPER-PRO-B016315B
COPPER-PRO-B08A133B,https://copperlinegolf.com/redeem?code=COPPER-PRO-B08A133B
COPPER-PRO-B09821B4,https://copperlinegolf.com/redeem?code=COPPER-PRO-B09821B4
COPPER-PRO-B0ABFD24,https://copperlinegolf.com/redeem?code=COPPER-PRO-B0ABFD24
COPPER-PRO-B0CBD049,https://copperlinegolf.com/redeem?code=COPPER-PRO-B0CBD049
COPPER-PRO-B16B5822,https://copperlinegolf.com/redeem?code=COPPER-PRO-B16B5822
COPPER-PRO-B1A054E3,https://copperlinegolf.com/redeem?code=COPPER-PRO-B1A054E3
COPPER-PRO-B20AE339,https://copperlinegolf.com/redeem?code=COPPER-PRO-B20AE339
COPPER-PRO-B230CD35,https://copperlinegolf.com/redeem?code=COPPER-PRO-B230CD35
COPPER-PRO-B2EB59A7,https://copperlinegolf.com/redeem?code=COPPER-PRO-B2EB59A7
COPPER-PRO-B34E9C56,https://copperlinegolf.com/redeem?code=COPPER-PRO-B34E9C56
COPPER-PRO-B4B6D0C0,https://copperlinegolf.com/redeem?code=COPPER-PRO-B4B6D0C0
COPPER-PRO-B554B601,https://copperlinegolf.com/redeem?code=COPPER-PRO-B554B601
COPPER-PRO-B5773AEE,https://copperlinegolf.com/redeem?code=COPPER-PRO-B5773AEE
COPPER-PRO-B5DF4384,https://copperlinegolf.com/redeem?code=COPPER-PRO-B5DF4384
COPPER-PRO-B6297110,https://copperlinegolf.com/redeem?code=COPPER-PRO-B6297110
COPPER-PRO-B733FC0F,https://copperlinegolf.com/redeem?code=COPPER-PRO-B733FC0F
COPPER-PRO-B79F4B65,https://copperlinegolf.com/redeem?code=COPPER-PRO-B79F4B65
COPPER-PRO-B8552CED,https://copperlinegolf.com/redeem?code=COPPER-PRO-B8552CED
COPPER-PRO-B927692A,https://copperlinegolf.com/redeem?code=COPPER-PRO-B927692A
COPPER-PRO-B9AC33DD,https://copperlinegolf.com/redeem?code=COPPER-PRO-B9AC33DD
COPPER-PRO-B9EA787C,https://copperlinegolf.com/redeem?code=COPPER-PRO-B9EA787C
COPPER-PRO-BA105ED7,https://copperlinegolf.com/redeem?code=COPPER-PRO-BA105ED7
COPPER-PRO-BAFA2B9C,https://copperlinegolf.com/redeem?code=COPPER-PRO-BAFA2B9C
COPPER-PRO-BAFEBE68,https://copperlinegolf.com/redeem?code=COPPER-PRO-BAFEBE68
COPPER-PRO-BB68340F,https://copperlinegolf.com/redeem?code=COPPER-PRO-BB68340F
COPPER-PRO-BC2F2030,https://copperlinegolf.com/redeem?code=COPPER-PRO-BC2F2030
COPPER-PRO-BC5F383E,https://copperlinegolf.com/redeem?code=COPPER-PRO-BC5F383E
COPPER-PRO-BCD6A9FF,https://copperlinegolf.com/redeem?code=COPPER-PRO-BCD6A9FF
COPPER-PRO-BD40FE8A,https://copperlinegolf.com/redeem?code=COPPER-PRO-BD40FE8A
COPPER-PRO-C02E7C2E,https://copperlinegolf.com/redeem?code=COPPER-PRO-C02E7C2E
COPPER-PRO-C104C7C6,https://copperlinegolf.com/redeem?code=COPPER-PRO-C104C7C6
COPPER-PRO-C1F4B71A,https://copperlinegolf.com/redeem?code=COPPER-PRO-C1F4B71A
COPPER-PRO-C212FBB8,https://copperlinegolf.com/redeem?code=COPPER-PRO-C212FBB8
COPPER-PRO-C3D38ADB,https://copperlinegolf.com/redeem?code=COPPER-PRO-C3D38ADB
COPPER-PRO-C4EA8DF6,https://copperlinegolf.com/redeem?code=COPPER-PRO-C4EA8DF6
COPPER-PRO-C56A8984,https://copperlinegolf.com/redeem?code=COPPER-PRO-C56A8984
COPPER-PRO-C5905350,https://copperlinegolf.com/redeem?code=COPPER-PRO-C5905350
COPPER-PRO-C73C5D32,https://copperlinegolf.com/redeem?code=COPPER-PRO-C73C5D32
COPPER-PRO-C890DFD0,https://copperlinegolf.com/redeem?code=COPPER-PRO-C890DFD0
COPPER-PRO-C8912420,https://copperlinegolf.com/redeem?code=COPPER-PRO-C8912420
COPPER-PRO-C92B3D51,https://copperlinegolf.com/redeem?code=COPPER-PRO-C92B3D51
COPPER-PRO-C93E07CA,https://copperlinegolf.com/redeem?code=COPPER-PRO-C93E07CA
COPPER-PRO-CA43CD04,https://copperlinegolf.com/redeem?code=COPPER-PRO-CA43CD04
COPPER-PRO-CA8B62D1,https://copperlinegolf.com/redeem?code=COPPER-PRO-CA8B62D1
COPPER-PRO-CB055DC3,https://copperlinegolf.com/redeem?code=COPPER-PRO-CB055DC3
COPPER-PRO-CB5E1C11,https://copperlinegolf.com/redeem?code=COPPER-PRO-CB5E1C11
COPPER-PRO-CC0F9080,https://copperlinegolf.com/redeem?code=COPPER-PRO-CC0F9080
COPPER-PRO-CC6C7318,https://copperlinegolf.com/redeem?code=COPPER-PRO-CC6C7318
COPPER-PRO-CC6E62FD,https://copperlinegolf.com/redeem?code=COPPER-PRO-CC6E62FD
COPPER-PRO-CCB6F038,https://copperlinegolf.com/redeem?code=COPPER-PRO-CCB6F038
COPPER-PRO-CCE25D82,https://copperlinegolf.com/redeem?code=COPPER-PRO-CCE25D82
COPPER-PRO-CD9E9223,https://copperlinegolf.com/redeem?code=COPPER-PRO-CD9E9223
COPPER-PRO-CDC6C278,https://copperlinegolf.com/redeem?code=COPPER-PRO-CDC6C278
COPPER-PRO-CDEA12B8,https://copperlinegolf.com/redeem?code=COPPER-PRO-CDEA12B8
COPPER-PRO-CE6A9C47,https://copperlinegolf.com/redeem?code=COPPER-PRO-CE6A9C47
COPPER-PRO-CE77C5DD,https://copperlinegolf.com/redeem?code=COPPER-PRO-CE77C5DD
COPPER-PRO-CEBD970B,https://copperlinegolf.com/redeem?code=COPPER-PRO-CEBD970B
COPPER-PRO-CF7F4CCD,https://copperlinegolf.com/redeem?code=COPPER-PRO-CF7F4CCD
COPPER-PRO-CFE99BA2,https://copperlinegolf.com/redeem?code=COPPER-PRO-CFE99BA2
COPPER-PRO-D0798253,https://copperlinegolf.com/redeem?code=COPPER-PRO-D0798253
COPPER-PRO-D0C14992,https://copperlinegolf.com/redeem?code=COPPER-PRO-D0C14992
COPPER-PRO-D1BBD188,https://copperlinegolf.com/redeem?code=COPPER-PRO-D1BBD188
COPPER-PRO-D24732C0,https://copperlinegolf.com/redeem?code=COPPER-PRO-D24732C0
COPPER-PRO-D2D0C7E9,https://copperlinegolf.com/redeem?code=COPPER-PRO-D2D0C7E9
COPPER-PRO-D32018DC,https://copperlinegolf.com/redeem?code=COPPER-PRO-D32018DC
COPPER-PRO-D35DA1E8,https://copperlinegolf.com/redeem?code=COPPER-PRO-D35DA1E8
COPPER-PRO-D3F27870,https://copperlinegolf.com/redeem?code=COPPER-PRO-D3F27870
COPPER-PRO-D435382A,https://copperlinegolf.com/redeem?code=COPPER-PRO-D435382A
COPPER-PRO-D4AE4368,https://copperlinegolf.com/redeem?code=COPPER-PRO-D4AE4368
COPPER-PRO-D58200ED,https://copperlinegolf.com/redeem?code=COPPER-PRO-D58200ED
COPPER-PRO-D65DB25A,https://copperlinegolf.com/redeem?code=COPPER-PRO-D65DB25A
COPPER-PRO-D66841D5,https://copperlinegolf.com/redeem?code=COPPER-PRO-D66841D5
COPPER-PRO-D673773F,https://copperlinegolf.com/redeem?code=COPPER-PRO-D673773F
COPPER-PRO-D6FC8BCA,https://copperlinegolf.com/redeem?code=COPPER-PRO-D6FC8BCA
COPPER-PRO-D74306D1,https://copperlinegolf.com/redeem?code=COPPER-PRO-D74306D1
COPPER-PRO-D95092EC,https://copperlinegolf.com/redeem?code=COPPER-PRO-D95092EC
COPPER-PRO-D95B6955,https://copperlinegolf.com/redeem?code=COPPER-PRO-D95B6955
COPPER-PRO-DA302635,https://copperlinegolf.com/redeem?code=COPPER-PRO-DA302635
COPPER-PRO-DAC3AAD6,https://copperlinegolf.com/redeem?code=COPPER-PRO-DAC3AAD6
COPPER-PRO-DB2807E6,https://copperlinegolf.com/redeem?code=COPPER-PRO-DB2807E6
COPPER-PRO-DB80D865,https://copperlinegolf.com/redeem?code=COPPER-PRO-DB80D865
COPPER-PRO-DC42FEE7,https://copperlinegolf.com/redeem?code=COPPER-PRO-DC42FEE7
COPPER-PRO-DC79A67D,https://copperlinegolf.com/redeem?code=COPPER-PRO-DC79A67D
COPPER-PRO-DCD7759D,https://copperlinegolf.com/redeem?code=COPPER-PRO-DCD7759D
COPPER-PRO-DD775F43,https://copperlinegolf.com/redeem?code=COPPER-PRO-DD775F43
COPPER-PRO-DDBC256A,https://copperlinegolf.com/redeem?code=COPPER-PRO-DDBC256A
COPPER-PRO-DDC23B5E,https://copperlinegolf.com/redeem?code=COPPER-PRO-DDC23B5E
COPPER-PRO-DEC781B2,https://copperlinegolf.com/redeem?code=COPPER-PRO-DEC781B2
COPPER-PRO-DF26807E,https://copperlinegolf.com/redeem?code=COPPER-PRO-DF26807E
COPPER-PRO-DF8404BC,https://copperlinegolf.com/redeem?code=COPPER-PRO-DF8404BC
COPPER-PRO-DF8E81AE,https://copperlinegolf.com/redeem?code=COPPER-PRO-DF8E81AE
COPPER-PRO-E05FFD8E,https://copperlinegolf.com/redeem?code=COPPER-PRO-E05FFD8E
COPPER-PRO-E0841DE9,https://copperlinegolf.com/redeem?code=COPPER-PRO-E0841DE9
COPPER-PRO-E1817B66,https://copperlinegolf.com/redeem?code=COPPER-PRO-E1817B66
COPPER-PRO-E1BE1061,https://copperlinegolf.com/redeem?code=COPPER-PRO-E1BE1061
COPPER-PRO-E1E5E843,https://copperlinegolf.com/redeem?code=COPPER-PRO-E1E5E843
COPPER-PRO-E2463F5E,https://copperlinegolf.com/redeem?code=COPPER-PRO-E2463F5E
COPPER-PRO-E3147868,https://copperlinegolf.com/redeem?code=COPPER-PRO-E3147868
COPPER-PRO-E31B3EBB,https://copperlinegolf.com/redeem?code=COPPER-PRO-E31B3EBB
COPPER-PRO-E3844547,https://copperlinegolf.com/redeem?code=COPPER-PRO-E3844547
COPPER-PRO-E4D49E83,https://copperlinegolf.com/redeem?code=COPPER-PRO-E4D49E83
COPPER-PRO-E5C75A24,https://copperlinegolf.com/redeem?code=COPPER-PRO-E5C75A24
COPPER-PRO-E614901F,https://copperlinegolf.com/redeem?code=COPPER-PRO-E614901F
COPPER-PRO-E617E0A7,https://copperlinegolf.com/redeem?code=COPPER-PRO-E617E0A7
COPPER-PRO-E65A1E50,https://copperlinegolf.com/redeem?code=COPPER-PRO-E65A1E50
COPPER-PRO-E6657CBA,https://copperlinegolf.com/redeem?code=COPPER-PRO-E6657CBA
COPPER-PRO-E79C5F11,https://copperlinegolf.com/redeem?code=COPPER-PRO-E79C5F11
COPPER-PRO-E7D261BE,https://copperlinegolf.com/redeem?code=COPPER-PRO-E7D261BE
COPPER-PRO-E8BA0ED2,https://copperlinegolf.com/redeem?code=COPPER-PRO-E8BA0ED2
COPPER-PRO-E928BDB1,https://copperlinegolf.com/redeem?code=COPPER-PRO-E928BDB1
COPPER-PRO-E95DB8E4,https://copperlinegolf.com/redeem?code=COPPER-PRO-E95DB8E4
COPPER-PRO-E9C649E3,https://copperlinegolf.com/redeem?code=COPPER-PRO-E9C649E3
COPPER-PRO-EA4DE9EE,https://copperlinegolf.com/redeem?code=COPPER-PRO-EA4DE9EE
COPPER-PRO-EB4B116F,https://copperlinegolf.com/redeem?code=COPPER-PRO-EB4B116F
COPPER-PRO-EB8B8141,https://copperlinegolf.com/redeem?code=COPPER-PRO-EB8B8141
COPPER-PRO-EBBD9699,https://copperlinegolf.com/redeem?code=COPPER-PRO-EBBD9699
COPPER-PRO-EBD4B272,https://copperlinegolf.com/redeem?code=COPPER-PRO-EBD4B272
COPPER-PRO-EBD50F4B,https://copperlinegolf.com/redeem?code=COPPER-PRO-EBD50F4B
COPPER-PRO-EC8DC723,https://copperlinegolf.com/redeem?code=COPPER-PRO-EC8DC723
COPPER-PRO-EDE7E2FC,https://copperlinegolf.com/redeem?code=COPPER-PRO-EDE7E2FC
COPPER-PRO-EDF91CF2,https://copperlinegolf.com/redeem?code=COPPER-PRO-EDF91CF2
COPPER-PRO-EE352A9F,https://copperlinegolf.com/redeem?code=COPPER-PRO-EE352A9F
COPPER-PRO-EF0CA47D,https://copperlinegolf.com/redeem?code=COPPER-PRO-EF0CA47D
COPPER-PRO-EFB55E22,https://copperlinegolf.com/redeem?code=COPPER-PRO-EFB55E22
COPPER-PRO-EFFAAF24,https://copperlinegolf.com/redeem?code=COPPER-PRO-EFFAAF24
COPPER-PRO-F07798EE,https://copperlinegolf.com/redeem?code=COPPER-PRO-F07798EE
COPPER-PRO-F0B95222,https://copperlinegolf.com/redeem?code=COPPER-PRO-F0B95222
COPPER-PRO-F1AB4923,https://copperlinegolf.com/redeem?code=COPPER-PRO-F1AB4923
COPPER-PRO-F1C86A8C,https://copperlinegolf.com/redeem?code=COPPER-PRO-F1C86A8C
COPPER-PRO-F224DC60,https://copperlinegolf.com/redeem?code=COPPER-PRO-F224DC60
COPPER-PRO-F2CB3537,https://copperlinegolf.com/redeem?code=COPPER-PRO-F2CB3537
COPPER-PRO-F301575C,https://copperlinegolf.com/redeem?code=COPPER-PRO-F301575C
COPPER-PRO-F32AA7DF,https://copperlinegolf.com/redeem?code=COPPER-PRO-F32AA7DF
COPPER-PRO-F33CC004,https://copperlinegolf.com/redeem?code=COPPER-PRO-F33CC004
COPPER-PRO-F38F7274,https://copperlinegolf.com/redeem?code=COPPER-PRO-F38F7274
COPPER-PRO-F3B577A2,https://copperlinegolf.com/redeem?code=COPPER-PRO-F3B577A2
COPPER-PRO-F3DC0E95,https://copperlinegolf.com/redeem?code=COPPER-PRO-F3DC0E95
COPPER-PRO-F45E38F2,https://copperlinegolf.com/redeem?code=COPPER-PRO-F45E38F2
COPPER-PRO-F4660A85,https://copperlinegolf.com/redeem?code=COPPER-PRO-F4660A85
COPPER-PRO-F53CA1CF,https://copperlinegolf.com/redeem?code=COPPER-PRO-F53CA1CF
COPPER-PRO-F59FA924,https://copperlinegolf.com/redeem?code=COPPER-PRO-F59FA924
COPPER-PRO-F6111DE0,https://copperlinegolf.com/redeem?code=COPPER-PRO-F6111DE0
COPPER-PRO-F6AE4797,https://copperlinegolf.com/redeem?code=COPPER-PRO-F6AE4797
COPPER-PRO-F75F4389,https://copperlinegolf.com/redeem?code=COPPER-PRO-F75F4389
COPPER-PRO-F8323935,https://copperlinegolf.com/redeem?code=COPPER-PRO-F8323935
COPPER-PRO-F905A107,https://copperlinegolf.com/redeem?code=COPPER-PRO-F905A107
COPPER-PRO-F9687DE5,https://copperlinegolf.com/redeem?code=COPPER-PRO-F9687DE5
COPPER-PRO-F9A2944E,https://copperlinegolf.com/redeem?code=COPPER-PRO-F9A2944E
COPPER-PRO-F9F22C9B,https://copperlinegolf.com/redeem?code=COPPER-PRO-F9F22C9B
COPPER-PRO-FA203945,https://copperlinegolf.com/redeem?code=COPPER-PRO-FA203945
COPPER-PRO-FB0DF457,https://copperlinegolf.com/redeem?code=COPPER-PRO-FB0DF457
COPPER-PRO-FB2405B8,https://copperlinegolf.com/redeem?code=COPPER-PRO-FB2405B8
COPPER-PRO-FB422FDA,https://copperlinegolf.com/redeem?code=COPPER-PRO-FB422FDA
COPPER-PRO-FBC49EE7,https://copperlinegolf.com/redeem?code=COPPER-PRO-FBC49EE7
COPPER-PRO-FBD83196,https://copperlinegolf.com/redeem?code=COPPER-PRO-FBD83196
COPPER-PRO-FC2BC324,https://copperlinegolf.com/redeem?code=COPPER-PRO-FC2BC324
COPPER-PRO-FC79758A,https://copperlinegolf.com/redeem?code=COPPER-PRO-FC79758A
COPPER-PRO-FC82D41E,https://copperlinegolf.com/redeem?code=COPPER-PRO-FC82D41E
COPPER-PRO-FCAB1C3B,https://copperlinegolf.com/redeem?code=COPPER-PRO-FCAB1C3B
COPPER-PRO-FDA75CA4,https://copperlinegolf.com/redeem?code=COPPER-PRO-FDA75CA4
COPPER-PRO-FE29AE38,https://copperlinegolf.com/redeem?code=COPPER-PRO-FE29AE38
COPPER-PRO-FE4E3358,https://copperlinegolf.com/redeem?code=COPPER-PRO-FE4E3358
COPPER-PRO-FE92B9A9,https://copperlinegolf.com/redeem?code=COPPER-PRO-FE92B9A9
COPPER-PRO-FEBB37A7,https://copperlinegolf.com/redeem?code=COPPER-PRO-FEBB37A7
COPPER-PRO-FEBE1F2C,https://copperlinegolf.com/redeem?code=COPPER-PRO-FEBE1F2C
COPPER-PRO-FEFC7614,https://copperlinegolf.com/redeem?code=COPPER-PRO-FEFC7614
COPPER-PRO-FF5F5632,https://copperlinegolf.com/redeem?code=COPPER-PRO-FF5F5632
COPPER-PRO-FF678004,https://copperlinegolf.com/redeem?code=COPPER-PRO-FF678004
COPPER-PRO-FF959557,https://copperlinegolf.com/redeem?code=COPPER-PRO-FF959557
